Józef Grodzicki <jozef.grodzicki@gmail.com>
Jakub Licznerski <jak.liczner@gmail.com>
Tomasz Pilarczyk <tomasz.pilarczyk@icloud.com>
Tomasz Urbas <tm.urbas@gmail.com>
Mateusz Wiśniewski <smuggler232@gmail.com>

Witold Brzozowski <witold@bbrzozowski.pl>
Dawid Dudek <dawiddudekstg@gmail.com>
Piotr Łężny <plezny@gmail.com>
Kacper Mikołajczyk <mikolajczyk.kacper2000@gmail.com>
Mateusz Uzarek <uzarek.mateusz@gmail.com>
